Complex,Subunit Name,Subunit Stoichiometry,Subunit ID
isocit_dh_yeast,IDH2,4,YOR136W
isocit_dh_yeast,IDH1,4,YNL037C
rad55-rad57_yeast,RAD55,1,YDR076W
rad55-rad57_yeast,RAD57,1,YDR004W
mpp_yeast,MAS2,1,YHR024C
mpp_yeast,MAS1,1,YLR163C
cct_yeast,TCP1,2,YDR212W
cct_yeast,CCT8,2,YJL008C
cct_yeast,CCT7,2,YJL111W
cct_yeast,CCT5,2,YJR064W
cct_yeast,CCT3,2,YJL014W
cct_yeast,CCT4,2,YDL143W
cct_yeast,CCT6,2,YDR188W
cct_yeast,CCT2,2,YIL142W
rnapolii_specific_subunits,RPB11,1,YOL005C
rnapolii_specific_subunits,RPB9,1,YGL070C
rnapolii_specific_subunits,RPB3,1,YIL021W
rnapolii_specific_subunits,RPO21,1,YDL140C
rnapolii_specific_subunits,RPB2,1,YOR151C
slx5-slx8_yeast,SLX5,1,YDL013W
slx5-slx8_yeast,SLX8,1,YER116C
gpit_yeast,GPI16,1,YHR188C
gpit_yeast,GAA1,1,YLR088W
gpit_yeast,GPI17,1,YDR434W
gpit_yeast,GPI8,1,YDR331W
gpit_yeast,GAB1,1,YLR459W
trna-phe-synth_yeast,FRS1,2,YLR060W
trna-phe-synth_yeast,FRS2,2,YFL022C
ku70_80_yeast,YKU80,1,YMR106C
ku70_80_yeast,YKU70,1,YMR284W
rpa_yeast,RFA3,1,YJL173C
rpa_yeast,RFA2,1,YNL312W
rpa_yeast,RFA1,1,YAR007C
sm_yeast_D1D2_dimer,SMD2,1,YLR275W
sm_yeast_D1D2_dimer,SMD1,1,YGR074W
msh4-msh5_yeast,MSH4,1,YFL003C
msh4-msh5_yeast,MSH5,1,YDL154W
cytc_oxidase_yeast-1,COX12,1,YLR038C
cytc_oxidase_yeast-1,COX6,1,YHR051W
cytc_oxidase_yeast-1,COX9,1,YDL067C
cytc_oxidase_yeast-1,COX13,1,YGL191W
cytc_oxidase_yeast-1,COX8,2,YLR395C
cytc_oxidase_yeast-1,COX7,1,YMR256C
cytc_oxidase_yeast-1,COX4,1,YGL187C
sm_yeast_D3B_dimer,SMB1,1,YER029C
sm_yeast_D3B_dimer,SMD3,1,YLR147C
copii_yeast,SEC24,1,YIL109C
copii_yeast,SFB2,1,YNL049C
copii_yeast,SFB3,1,YHR098C
copii_yeast,SEC23,1,YPR181C
elongator_yeast_subcomplex_1,ELP4,1,YPL101W
elongator_yeast_subcomplex_1,ELP6,1,YMR312W
elongator_yeast_subcomplex_1,IKI1,1,YHR187W
elongator_yeast_subcomplex_1,IKI3,1,YLR384C
elongator_yeast_subcomplex_1,ELP2,1,YGR200C
elongator_yeast_subcomplex_1,ELP3,1,YPL086C
srp_yeast,SRP14,2,YDL092W
srp_yeast,SRP72,1,YPL210C
srp_yeast,SRP21,1,YKL122C
srp_yeast,SRP68,1,YPL243W
srp_yeast,SEC65,1,YML105C
gins_yeast,SLD5,1,YDR489W
gins_yeast,PSF3,1,YOL146W
gins_yeast,PSF2,1,YJL072C
gins_yeast,PSF1,1,YDR013W
ost_yeast,OST2,1,YOR103C
ost_yeast,OST4,1,YDL232W
ost_yeast,OST3,1,YOR085W
ost_yeast,OST6,1,YML019W
ost_yeast,OST1,1,YJL002C
ost_yeast,WBP1,1,YEL002C
ost_yeast,SWP1,1,YMR149W
ost_yeast,STT3,1,YGL022W
ost_yeast,OST5,1,YGL226C-A
clathrin_yeast,CHC1,3,YGL206C
clathrin_yeast,CLC1,3,YGR167W
tim8-tim13_yeast,TIM8,3,YJR135W-A
tim8-tim13_yeast,TIM13,3,YGR181W
arp2_3_yeast,ARC40,1,YBR234C
arp2_3_yeast,ARP2,1,YDL029W
arp2_3_yeast,ARC35,1,YNR035C
arp2_3_yeast,ARC15,1,YIL062C
arp2_3_yeast,ARC19,1,YKL013C
arp2_3_yeast,ARC18,1,YLR370C
arp2_3_yeast,ARP3,1,YJR065C
rfc_yeast,RFC3,1,YNL290W
rfc_yeast,RFC4,1,YOL094C
rfc_yeast,RFC5,1,YBR087W
rfc_yeast,RFC2,1,YJR068W
rad1_rad10,RAD10,1,YML095C
rad1_rad10,RAD1,1,YPL022W
Alpha-ketoglutarate dehydrogenase,KGD1,1,YIL125W
Alpha-ketoglutarate dehydrogenase,KGD2,2,YDR148C
dss1-suv3_yeast,DSS1,1,YMR287C
dss1-suv3_yeast,SUV3,1,YPL029W
Core Exosome,RRP40,1,YOL142W
Core Exosome,RRP42,1,YDL111C
Core Exosome,CSL4,1,YNL232W
Core Exosome,RRP46,1,YGR095C
Core Exosome,SKI6,1,YGR195W
Core Exosome,MTR3,1,YGR158C
Core Exosome,RRP4,1,YHR069C
Core Exosome,RRP45,1,YDR280W
Core Exosome,RRP43,1,YCR035C
cbf_yeast,HAP2,1,YGL237C
cbf_yeast,HAP3,1,YBL021C
swi_snf,SNF6,2,YHL025W
swi_snf,SNF11,2,YDR073W
swi_snf,SNF12,1,YNR023W
swi_snf,SWP82,2,YFL049W
swi_snf,SWI1,1,YPL016W
tfiid_yeast,TAF1,1,YGR274C
tfiid_yeast,TAF8,1,YML114C
tfiid_yeast,TAF11,1,YML015C
tfiid_yeast,TAF4,2,YMR005W
tfiid_yeast,TAF3,1,YPL011C
tfiid_yeast,TAF7,1,YMR227C
tfiid_yeast,TAF13,1,YML098W
tfiid_yeast,TAF2,1,YCR042C
agglutinin_yeast,AGA2,1,YGL032C
agglutinin_yeast,AGA1,1,YNR044W
Gamma-tubulin complex,SPC98,1,YNL126W
Gamma-tubulin complex,SPC97,1,YHR172W
Gamma-tubulin complex,TUB4,2,YLR212C
eif2b_yeast,GCD2,2,YGR083C
eif2b_yeast,GCD7,2,YLR291C
eif2b_yeast,GCD1,2,YOR260W
eif2b_yeast,GCN3,2,YKR026C
eif2b_yeast,GCD6,2,YDR211W
dash_yeast,SPC19,1,YDR201W
dash_yeast,DAD2,1,YKR083C
dash_yeast,DAD3,1,YBR233W-A
dash_yeast,DAD4,1,YDR320C-A
dash_yeast,HSK3,1,YKL138C-A
dash_yeast,DAM1,1,YGR113W
dash_yeast,DUO1,1,YGL061C
dash_yeast,SPC34,1,YKR037C
dash_yeast,DAD1,1,YDR016C
dash_yeast,ASK1,1,YKL052C
ER membrane protein complex,EMC2,1,YJR088C
ER membrane protein complex,EMC4,1,YGL231C
ER membrane protein complex,EMC1,1,YCL045C
ER membrane protein complex,EMC6,1,YLL014W
ER membrane protein complex,EMC3,1,YKL207W
ER membrane protein complex,EMC5,1,YIL027C
scc2-scc4_yeast,SCC4,1,YER147C
scc2-scc4_yeast,SCC2,1,YDR180W
9-1-1-clamp_yeast,MEC3,1,YLR288C
9-1-1-clamp_yeast,RAD17,1,YOR368W
9-1-1-clamp_yeast,DDC1,1,YPL194W
ubol_cytc_yeast,QCR8,1,YJL166W
ubol_cytc_yeast,QCR10,1,YHR001W-A
ubol_cytc_yeast,RIP1,1,YEL024W
ubol_cytc_yeast,QCR7,1,YDR529C
ubol_cytc_yeast,QCR9,1,YGR183C
ubol_cytc_yeast,QCR2,1,YPR191W
ubol_cytc_yeast,CYT1,1,YOR065W
ubol_cytc_yeast,COR1,1,YBL045C
ubol_cytc_yeast,QCR6,1,YFR033C
hda1_yeast-1,HDA3,1,YPR179C
hda1_yeast-1,HDA1,2,YNL021W
hda1_yeast-1,HDA2,1,YDR295C
ubp3-bre5_yeast,UBP3,2,YER151C
ubp3-bre5_yeast,BRE5,2,YNR051C
alphabeta_tubulin,TUB1,1,YML085C
alphabeta_tubulin,TUB3,1,YML124C
alphabeta_tubulin,TUB2,1,YFL037W
pdh_yeast,PDB1,24,YBR221C
pdh_yeast,PDA1,24,YER178W
pdh_yeast,PDX1,12,YGR193C
pdh_yeast,LAT1,60,YNL071W
caf1_yeast,RLF2,1,YPR018W
caf1_yeast,CAC2,1,YML102W
caf1_yeast,MSI1,1,YBR195C
trappi_yeast,TRS23,1,YDR246W
trappi_yeast,TRS33,1,YOR115C
trappi_yeast,TRS31,1,YDR472W
trappi_yeast,BET5,1,YML077W
trappi_yeast,BET3,2,YKR068C
trappi_yeast,TRS20,1,YBR254C
escrtii_yeast,VPS36,1,YLR417W
escrtii_yeast,VPS25,2,YJR102C
escrtii_yeast,SNF8,1,YPL002C
rnapol_common_subunits,RPB10,1,YOR210W
rnapol_common_subunits,RPB8,1,YOR224C
rnapol_common_subunits,RPB5,1,YBR154C
rnapol_common_subunits,RPO26,1,YPR187W
rnapol_common_subunits,RPC10,1,YHR143W-A
mus81-mms4_yeast,MMS4,3,YBR098W
mus81-mms4_yeast,MUS81,3,YDR386W
mind_yeast,MTW1,1,YAL034W-A
mind_yeast,NNF1,1,YJR112W
mind_yeast,DSN1,1,YIR010W
mind_yeast,NSL1,1,YPL233W
sm_yeast_FEG_trimer,SME1,1,YOR159C
sm_yeast_FEG_trimer,SMX2,1,YFL017W-A
sm_yeast_FEG_trimer,SMX3,1,YPR182W
rnapoli_iii_common_subunits,RPC19,1,YNL113W
rnapoli_iii_common_subunits,RPC40,1,YPR110C
escrti_yeast,STP22,1,YCL008C
escrti_yeast,SRN2,1,YLR119W
escrti_yeast,VPS28,1,YPL065W
escrti_yeast,MVB12,1,YGR206W
ste4-ste18_yeast,STE4,1,YOR212W
ste4-ste18_yeast,STE18,1,YJR086W
trna_splice_yeast,SEN54,1,YPL083C
trna_splice_yeast,SEN15,1,YMR059W
trna_splice_yeast,SEN34,1,YAR008W
trna_splice_yeast,SEN2,1,YLR105C
V-ATPase,VMA5,1,YKL080W
V-ATPase,VMA10,3,YHR039C-A
V-ATPase,VMA8,1,YEL051W
V-ATPase,VMA13,1,YPR036W
V-ATPase,VMA1,3,YDL185W
V-ATPase,VMA4,3,YOR332W
V-ATPase,VMA7,1,YGR020C
V-ATPase,VMA3,8,YEL027W
V-ATPase,VMA6,1,YLR447C
V-ATPase,VPH1,1,YOR270C
V-ATPase,VMA11,1,YPL234C
V-ATPase,VMA2,3,YBR127C
V-ATPase,VMA9,1,YCL005W-A
V-ATPase,VMA16,1,YHR026W
nfs1-isd11_yeast,NFS1,3,YCL017C
nfs1-isd11_yeast,ISD11,3,YER048W-A
cp_yeast,CAP1,1,YKL007W
cp_yeast,CAP2,1,YIL034C
19S Proteasome,RPN7,1,YPR108W
19S Proteasome,RPN6,1,YDL097C
19S Proteasome,RPN13,1,YLR421C
19S Proteasome,RPN5,1,YDL147W
19S Proteasome,RPT2,1,YDL007W
19S Proteasome,RPT5,1,YOR117W
19S Proteasome,RPN10,1,YHR200W
19S Proteasome,RPN1,1,YHR027C
19S Proteasome,RPT1,1,YKL145W
19S Proteasome,RPN2,1,YIL075C
19S Proteasome,RPN3,1,YER021W
19S Proteasome,RPT6,1,YGL048C
19S Proteasome,RPN9,1,YDR427W
19S Proteasome,RPT4,1,YOR259C
19S Proteasome,RPT3,1,YDR394W
19S Proteasome,RPN11,1,YFR004W
19S Proteasome,RPN12,1,YFR052W
19S Proteasome,RPN8,1,YOR261C
succinate_dh_yeast,SDH4,1,YDR178W
succinate_dh_yeast,SDH2,1,YLL041C
succinate_dh_yeast,SDH1,1,YKL148C
mpol-i_yeast,VAN1,1,YML115C
mpol-i_yeast,MNN9,1,YPL050C
lsm2_7_yeast,LSM2,1,YBL026W
lsm2_7_yeast,LSM4,1,YER112W
lsm2_7_yeast,LSM6,1,YDR378C
lsm2_7_yeast,LSM5,1,YER146W
lsm2_7_yeast,LSM7,1,YNL147W
lsm2_7_yeast,LSM3,1,YLR438C-A
hir_yeast-1,HPC2,2,YBR215W
hir_yeast-2,HIR2,2,YOR038C
hir_yeast-3,HIR3,1,YJR140C
hir_yeast-4,HIR1,1,YBL008W
rac_yeast,ZUO1,1,YGR285C
rac_yeast,SSZ1,1,YHR064C
ggtase-2_yeast,BET4,1,YJL031C
ggtase-2_yeast,BET2,1,YPR176C
NDC80,NUF2,1,YOL069W
NDC81,SPC25,1,YER018C
NDC82,NDC80,1,YIL144W
NDC83,SPC24,1,YMR117C
tfiie_yeast,TFA2,2,YKR062W
tfiie_yeast,TFA1,2,YKL028W
cpc_yeast-1,FAS1,6,YKL182W
cpc_yeast-2,FAS2,6,YPL231W
cohesin_yeast,SMC3,1,YJL074C
cohesin_yeast,SMC1,1,YFL008W
mito_f1f0_atp_synthase_yeast,ATP20,1,YPR020W
mito_f1f0_atp_synthase_yeast,ATP18,1,YML081C-A
mito_f1f0_atp_synthase_yeast,ATP5,1,YDR298C
mito_f1f0_atp_synthase_yeast,ATP2,3,YJR121W
mito_f1f0_atp_synthase_yeast,ATP14,1,YLR295C
mito_f1f0_atp_synthase_yeast,ATP3,1,YBR039W
mito_f1f0_atp_synthase_yeast,ATP17,1,YDR377W
mito_f1f0_atp_synthase_yeast,ATP1,3,YBL099W
mito_f1f0_atp_synthase_yeast,ATP19,1,YOL077W-A
mito_f1f0_atp_synthase_yeast,TIM11,1,YDR322C-A
mito_f1f0_atp_synthase_yeast,ATP7,1,YKL016C
mito_f1f0_atp_synthase_yeast,ATP15,1,YPL271W
mito_f1f0_atp_synthase_yeast,ATP16,1,YDL004W
mito_f1f0_atp_synthase_yeast,ATP4,1,YPL078C
gimc_yeast,PFD1,1,YJL179W
gimc_yeast,GIM4,1,YEL003W
gimc_yeast,GIM3,1,YNL153C
gimc_yeast,YKE2,1,YLR200W
gimc_yeast,GIM5,1,YML094W
gimc_yeast,PAC10,1,YGR078C
sulfite-reductase_yeast,MET5,2,YJR137C
sulfite-reductase_yeast,MET10,2,YFR030W
shu_yeast,CSM2,1,YIL132C
shu_yeast,SHU1,1,YHL006C
shu_yeast,SHU2,1,YDR078C
shu_yeast,PSY3,1,YLR376C
trna_a34_yeast,TAD3,1,YLR316C
trna_a34_yeast,TAD2,1,YJL035C
sf3a_yeast,PRP11,1,YDL043C
sf3a_yeast,PRP9,1,YDL030W
sf3a_yeast,PRP21,1,YJL203W
condensin_yeast,YCS4,1,YLR272C
condensin_yeast,SMC4,1,YLR086W
condensin_yeast,YCG1,1,YDR325W
condensin_yeast,SMC2,1,YFR031C
condensin_yeast,BRN1,1,YBL097W
atg17-atg29-atg31_yeast,ATG31,1,YDR022C
atg17-atg29-atg31_yeast,ATG17,1,YLR423C
atg17-atg29-atg31_yeast,ATG29,1,YPL166W
ahas_yeast,ILV6,2,YCL009C
ahas_yeast,ILV2,2,YMR108W
trm8-trm81_yeast,TRM8,1,YDL201W
trm8-trm81_yeast,TRM82,1,YDR165W
dug2_dug3_yeast,DUG2,1,YBR281C
dug2_dug3_yeast,DUG3,1,YNL191W
fact_yeast,POB3,1,YML069W
fact_yeast,SPT16,1,YGL207W
pol-prim_yeast,PRI1,1,YIR008C
pol-prim_yeast,POL12,1,YBL035C
pol-prim_yeast,POL1,1,YNL102W
pol-prim_yeast,PRI2,1,YKL045W
calcineurin,CNA1,1,YLR433C
calcineurin,CMP2,,YML057W
calcineurin,CNB1,1,YKL190W
pfk_yeast,PFK1,4,YGR240C
pfk_yeast,PFK2,4,YMR205C
cbc_yeast,STO1,1,YMR125W
cbc_yeast,CBC2,1,YPL178W
mcm2-7_yeast,MCM5,1,YLR274W
mcm2-7_yeast,MCM7,1,YBR202W
mcm2-7_yeast,MCM6,1,YGL201C
mcm2-7_yeast,MCM3,1,YEL032W
mcm2-7_yeast,MCM2,1,YBL023C
mcm2-7_yeast,MCM4,1,YPR019W
sas_yeast,SAS2,1,YMR127C
sas_yeast,SAS4,1,YDR181C
sas_yeast,SAS5,1,YOR213C
ORC,ORC6,1,YHR118C
ORC,ORC4,1,YPR162C
ORC,ORC3,1,YLL004W
ORC,ORC1,1,YML065W
ORC,ORC2,1,YBR060C
ORC,ORC5,1,YNL261W
eif2_yeast,SUI3,1,YPL237W
eif2_yeast,SUI2,1,YJR007W
eif2_yeast,GCD11,1,YER025W
ski_yeast,SKI3,1,YPR189W
ski_yeast,SKI8,2,YGL213C
ski_yeast,SKI2,1,YLR398C
sr_yeast,SRP102,1,YKL154W
sr_yeast,SRP101,1,YDR292C
mms2-ubc13_yeast,UBC13,1,YDR092W
mms2-ubc13_yeast,MMS2,1,YGL087C
ceramide-synth_yeast,LAC1,1,YKL008C
ceramide-synth_yeast,LAG1,1,YHL003C
ceramide-synth_yeast,LIP1,2,YMR298W
rnapoli_specific_subunits,RPA49,1,YNL248C
rnapoli_specific_subunits,RPA190,1,YOR341W
rnapoli_specific_subunits,RPA43,1,YOR340C
rnapoli_specific_subunits,RPA34,1,YJL148W
rnapoli_specific_subunits,RPA12,1,YJR063W
rnapoli_specific_subunits,RPA135,1,YPR010C
rnapoli_specific_subunits,RPA14,1,YDR156W
dpol-epsilon_yeast,DPB2,1,YPR175W
dpol-epsilon_yeast,DPB3,1,YBR278W
dpol-epsilon_yeast,POL2,1,YNL262W
Mitochondrial SAM complex,SAM37,1,YMR060C
Mitochondrial SAM complex,SAM35,1,YHR083W
Mitochondrial SAM complex,SAM50,1,YNL026W
H3H4_dimer,HHF1,2,YBR009C
H3H4_dimer,HHF2,2,YNL030W
H3H4_dimer,HHT1,2,YBR010W
H3H4_dimer,HHT2,2,YNL031C
spt4-spt5_yeast,SPT4,1,YGR063C
spt4-spt5_yeast,SPT5,1,YML010W
80S Ribosome,RPS17A,1,YML024W
80S Ribosome,RPS17B,1,YDR447C
80S Ribosome,RPS30A,1,YLR287C-A
80S Ribosome,RPS30B,1,YOR182C
80S Ribosome,RPL23A,1,YBL087C
80S Ribosome,RPL23B,1,YER117W
80S Ribosome,RPL2A,1,YFR031C-A
80S Ribosome,RPL2B,1,YIL018W
80S Ribosome,RPL33A,1,YPL143W
80S Ribosome,RPL33B,1,YOR234C
80S Ribosome,RPS22A,1,YJL190C
80S Ribosome,RPS22B,1,YLR367W
80S Ribosome,RPS2,1,YGL123W
80S Ribosome,RPL25,1,YOL127W
80S Ribosome,RPL31A,1,YDL075W
80S Ribosome,RPL31B,1,YLR406C
80S Ribosome,RPS16A,1,YMR143W
80S Ribosome,RPS16B,1,YDL083C
80S Ribosome,RPS26A,1,YGL189C
80S Ribosome,RPS26B,1,YER131W
80S Ribosome,RPL4A,1,YBR031W
80S Ribosome,RPL4B,1,YDR012W
80S Ribosome,RPS15,1,YOL040C
80S Ribosome,RPL30,1,YGL030W
80S Ribosome,RPL29,1,YFR032C-A
80S Ribosome,RPL18A,1,YOL120C
80S Ribosome,RPL12A,1,YEL054C
80S Ribosome,RPL36A,1,YMR194W
80S Ribosome,RPL19A,1,YBR084C-A
80S Ribosome,RPL35A,1,YDL191W
80S Ribosome,RPP1A,1,YDL081C
80S Ribosome,RPL18B,1,YNL301C
80S Ribosome,RPL12B,1,YDR418W
80S Ribosome,RPL36B,1,YPL249C-A
80S Ribosome,RPL19B,1,YBL027W
80S Ribosome,RPL35B,1,YDL136W
80S Ribosome,RPP1B,1,YDL130W
80S Ribosome,RPP2A,1,YOL039W
80S Ribosome,RPL8A,1,YHL033C
80S Ribosome,RPL8B,1,YLL045C
80S Ribosome,RPL5,1,YPL131W
80S Ribosome,RPL14A,1,YKL006W
80S Ribosome,RPL14B,1,YHL001W
80S Ribosome,RPL10,1,YLR075W
80S Ribosome,RPS19A,1,YOL121C
80S Ribosome,RPL24A,1,YGL031C
80S Ribosome,RPS24A,1,YER074W
80S Ribosome,RPS4A,1,YJR145C
80S Ribosome,RPS19B,1,YNL302C
80S Ribosome,RPL24B,1,YGR148C
80S Ribosome,RPS24B,1,YIL069C
80S Ribosome,RPS4B,1,YHR203C
80S Ribosome,RPL39,1,YJL189W
80S Ribosome,RPS14A,1,YCR031C
80S Ribosome,RPS14B,1,YJL191W
80S Ribosome,RPL38,1,YLR325C
80S Ribosome,RPP0,1,YLR340W
80S Ribosome,RPS8A,1,YBL072C
80S Ribosome,RPS8B,1,YER102W
80S Ribosome,RPS9A,1,YPL081W
80S Ribosome,RPS9B,1,YBR189W
80S Ribosome,RPL21A,1,YBR191W
80S Ribosome,RPL21B,1,YPL079W
80S Ribosome,RPS20,1,YHL015W
80S Ribosome,RPS25A,1,YGR027C
80S Ribosome,RPL9A,1,YGL147C
80S Ribosome,RPL16A,1,YIL133C
80S Ribosome,RPL6A,1,YML073C
80S Ribosome,RPS25B,1,YLR333C
80S Ribosome,RPL9B,1,YNL067W
80S Ribosome,RPL16B,1,YNL069C
80S Ribosome,RPL6B,1,YLR448W
80S Ribosome,RPL28,1,YGL103W
80S Ribosome,RPL1A,1,YPL220W
80S Ribosome,RPL11A,1,YPR102C
80S Ribosome,RPL27A,1,YHR010W
80S Ribosome,RPL20A,1,YMR242C
80S Ribosome,RPL17A,1,YKL180W
80S Ribosome,RPL1B,1,YGL135W
80S Ribosome,RPL11B,1,YGR085C
80S Ribosome,RPL27B,1,YDR471W
80S Ribosome,RPL20B,1,YOR312C
80S Ribosome,RPL17B,1,YJL177W
80S Ribosome,RPL32,1,YBL092W
80S Ribosome,RPL3,1,YOR063W
80S Ribosome,RPS7A,1,YOR096W
80S Ribosome,RPS7B,1,YNL096C
80S Ribosome,RPS3,1,YNL178W
80S Ribosome,RPS18A,1,YDR450W
80S Ribosome,RPL26A,1,YLR344W
80S Ribosome,RPL7A,1,YGL076C
80S Ribosome,RPS1A,1,YLR441C
80S Ribosome,RPL41A,1,YDL184C
80S Ribosome,RPS18B,1,YML026C
80S Ribosome,RPL26B,1,YGR034W
80S Ribosome,RPL7B,1,YPL198W
80S Ribosome,RPS1B,1,YML063W
80S Ribosome,RPL41B,1,YDL133C-A
80S Ribosome,RPS5,1,YJR123W
80S Ribosome,RPS12,1,YOR369C
80S Ribosome,RPS21A,1,YKR057W
80S Ribosome,RPS21B,1,YJL136C
80S Ribosome,RPS13,1,YDR064W
80S Ribosome,RPS23A,1,YGR118W
80S Ribosome,RPL42A,1,YNL162W
80S Ribosome,RPL37A,1,YLR185W
80S Ribosome,RPL40A,1,YIL148W
80S Ribosome,RPL34A,1,YER056C-A
80S Ribosome,RPS27A,1,YKL156W
80S Ribosome,RPL22A,1,YLR061W
80S Ribosome,RPS28A,1,YOR167C
80S Ribosome,RPS29A,1,YLR388W
80S Ribosome,RPS6A,1,YPL090C
80S Ribosome,RPL13A,1,YDL082W
80S Ribosome,RPL15A,1,YLR029C
80S Ribosome,RPS10A,1,YOR293W
80S Ribosome,RPS0A,1,YGR214W
80S Ribosome,RPS11A,1,YDR025W
80S Ribosome,RPS23B,1,YPR132W
80S Ribosome,RPL42B,1,YHR141C
80S Ribosome,RPL37B,1,YDR500C
80S Ribosome,RPL40B,1,YKR094C
80S Ribosome,RPL34B,1,YIL052C
80S Ribosome,RPS27B,1,YHR021C
80S Ribosome,RPL22B,1,YFL034C-A
80S Ribosome,RPS28B,1,YLR264W
80S Ribosome,RPS29B,1,YDL061C
80S Ribosome,RPS6B,1,YBR181C
80S Ribosome,RPL13B,1,YMR142C
80S Ribosome,RPL15B,1,YMR121C
80S Ribosome,RPS10B,1,YMR230W
80S Ribosome,RPS0B,1,YLR048W
80S Ribosome,RPS11B,1,YBR048W
80S Ribosome,RPS31,1,YLR167W
80S Ribosome,RPL43A,1,YPR043W
80S Ribosome,RPL43B,,YJR094W-A
boxh_aca_yeast,CBF5,1,YLR175W
boxh_aca_yeast,GAR1,1,YHR089C
boxh_aca_yeast,NOP10,1,YHR072W-A
20S Proteasome,PRE7,1,YBL041W
20S Proteasome,PRE6,2,YOL038W
20S Proteasome,PRE9,2,YGR135W
20S Proteasome,PRE10,1,YOR362C
20S Proteasome,PUP1,1,YOR157C
20S Proteasome,PRE2,1,YPR103W
20S Proteasome,PRE4,1,YFR050C
20S Proteasome,PUP2,1,YGR253C
20S Proteasome,PRE8,1,YML092C
20S Proteasome,PRE5,1,YMR314W
20S Proteasome,PUP3,1,YER094C
20S Proteasome,SCL1,1,YGL011C
20S Proteasome,PRE1,1,YER012W
20S Proteasome,PRE3,1,YJL001W
Mitoribosome,MRP2,1,YPR166C
Mitoribosome,MRP17,1,YKL003C
Mitoribosome,RSM23,1,YGL129C
Mitoribosome,MRP4,1,YHL004W
Mitoribosome,RSM22,1,YKL155C
Mitoribosome,RSM7,1,YJR113C
Mitoribosome,MRPL32,1,YCR003W
Mitoribosome,RSM10,1,YDR041W
Mitoribosome,MRP1,1,YDR347W
Mitoribosome,MRP20,1,YDR405W
Mitoribosome,MRPS8,1,YMR158W
Mitoribosome,MRPL31,1,YKL138C
Mitoribosome,MRPL23,1,YOR150W
Mitoribosome,MRPL40,1,YPL173W
Mitoribosome,MRPL25,1,YGR076C
Mitoribosome,MRP21,1,YBL090W
Mitoribosome,MRPL1,1,YDR116C
Mitoribosome,IMG1,1,YCR046C
Mitoribosome,MRPL27,1,YBR282W
Mitoribosome,MRP10,1,YDL045W-A
Mitoribosome,MRPS9,1,YBR146W
Mitoribosome,MRPS28,1,YDR337W
Mitoribosome,MRPL20,1,YKR085C
Mitoribosome,MRPL9,1,YGR220C
Mitoribosome,MRP7,1,YNL005C
Mitoribosome,MRPL50,1,YNR022C
Mitoribosome,MRPL8,1,YJL063C
Mitoribosome,MRP49,1,YKL167C
Mitoribosome,MRPL51,1,YPR100W
Mitoribosome,RSM25,1,YIL093C
Mitoribosome,RML2,1,YEL050C
Mitoribosome,MRP51,1,YPL118W
Mitoribosome,MNP1,1,YGL068W
Mitoribosome,MRPL11,1,YDL202W
Mitoribosome,MRPL10,1,YNL284C
Mitoribosome,MRPL4,1,YLR439W
Mitoribosome,MRPL37,1,YBR268W
Mitoribosome,MRPL36,1,YBR122C
Mitoribosome,MRPL28,1,YDR462W
Mitoribosome,RSM18,1,YER050C
Mitoribosome,MRPS18,1,YNL306W
Mitoribosome,MRPL15,1,YLR312W-A
Mitoribosome,IMG2,1,YCR071C
Mitoribosome,MRPL7,1,YDR237W
Mitoribosome,MRPS35,1,YGR165W
Mitoribosome,MRPL33,1,YMR286W
Mitoribosome,MRPL44,1,YMR225C
Mitoribosome,MRPS5,1,YBR251W
Mitoribosome,MRP13,1,YGR084C
Mitoribosome,MRPL24,1,YMR193W
Mitoribosome,RSM24,1,YDR175C
Mitoribosome,MRPL6,1,YHR147C
Mitoribosome,MRPL3,1,YMR024W
Mitoribosome,RSM26,1,YJR101W
Mitoribosome,RSM19,1,YNR037C
Mitoribosome,MRPL16,1,YBL038W
Mitoribosome,MRPS17,1,YMR188C
Mitoribosome,MRPL38,1,YKL170W
Mitoribosome,RSM27,1,YGR215W
Mitoribosome,MRPL13,1,YKR006C
Mitoribosome,MRPL35,1,YDR322W
Mitoribosome,NAM9,1,YNL137C
Mitoribosome,YML6,1,YML025C
Mitoribosome,MRPS16,1,YPL013C
Mitoribosome,MRPL22,1,YNL177C
Mitoribosome,PET123,1,YOR158W
Mitoribosome,MRPL39,1,YML009C
Mitoribosome,MRPL17,1,YNL252C
dna-ligase-iv_yeast,DNL4,1,YOR005C
dna-ligase-iv_yeast,LIF1,2,YGL090W
tho_yeast,MFT1,1,YML062C
tho_yeast,THP2,1,YHR167W
tho_yeast,HPR1,1,YDR138W
mrna_capping_yeast,CEG1,1,YGL130W
mrna_capping_yeast,CET1,2,YPL228W
aos1-uba2_yeast,AOS1,1,YPR180W
aos1-uba2_yeast,UBA2,1,YDR390C
keops_yeast,GON7,1,YJL184W
keops_yeast,PCC1,1,YKR095W-A
keops_yeast,CGI121,1,YML036W
keops_yeast,BUD32,1,YGR262C
keops_yeast,KAE1,1,YKR038C
sec62-sec63_yeast,SEC66,1,YBR171W
sec62-sec63_yeast,SEC62,1,YPL094C
sec62-sec63_yeast,SEC63,1,YOR254C
sec62-sec63_yeast,SEC72,1,YLR292C
rnapoliii_specific_subunits,RPC11,1,YDR045C
rnapoliii_specific_subunits,RPC25,1,YKL144C
rnapoliii_specific_subunits,RPC31,1,YNL151C
rnapoliii_specific_subunits,RET1,1,YOR207C
rnapoliii_specific_subunits,RPC17,1,YJL011C
rnapoliii_specific_subunits,RPC37,1,YKR025W
rnapoliii_specific_subunits,RPC34,1,YNR003C
rnapoliii_specific_subunits,RPO31,1,YOR116C
rnapoliii_specific_subunits,RPC53,1,YDL150W
pan_yeast,PAN3,2,YKL025C
pan_yeast,PAN2,1,YGL094C
alg_yeast,ALG13,1,YGL047W
alg_yeast,ALG14,1,YBR070C
bbp-mud2_yeast,MUD2,1,YKL074C
bbp-mud2_yeast,MSL5,1,YLR116W
tfiia_yeast,TOA1,1,YOR194C
tfiia_yeast,TOA2,1,YKL058W
sea_yeast,NPR3,1,YHL023C
sea_yeast,IML1,1,YJR138W
sea_yeast,NPR2,1,YEL062W
eif3-core_yeast,NIP1,1,YMR309C
eif3-core_yeast,TIF35,1,YDR429C
eif3-core_yeast,TIF34,1,YMR146C
eif3-core_yeast,PRT1,1,YOR361C
eif3-core_yeast,RPG1,1,YBR079C
